epoch,time,train/box_loss,train/cls_loss,train/l1_loss,metrics/precision(B),metrics/recall(B),metrics/mAP50(B),metrics/mAP50-95(B),val/box_loss,val/cls_loss,val/l1_loss,lr/pg0,lr/pg1,lr/pg2
1,401.774,0.76179,6.06878,0.00454,0.00333,1,0.90178,0.79868,0.49726,8.60869,0.0041,0.000653595,0.000653595,0.000653595
2,817.369,0.66775,3.86175,0.00406,0.9977,1,0.995,0.84518,0.63442,5.53476,0.0054,0.00130719,0.00130719,0.00130719
3,1226.31,0.68708,2.67923,0.00403,0.99919,1,0.995,0.90411,0.60643,3.19305,0.00572,0.00194759,0.00194759,0.00194759
4,1629.71,0.67984,2.03123,0.00402,0.99938,1,0.995,0.90707,0.49908,2.10074,0.00413,0.0019406,0.0019406,0.0019406
5,2035.66,0.66952,1.43111,0.00377,0.99938,1,0.995,0.89572,0.52064,1.48965,0.00436,0.0019208,0.0019208,0.0019208
6,2441.4,0.67853,1.08799,0.00409,0.99937,1,0.995,0.81575,0.81954,1.25238,0.00706,0.001901,0.001901,0.001901
7,2845.66,0.60285,0.84227,0.00346,0.99938,1,0.995,0.86803,0.61705,0.93545,0.00549,0.0018812,0.0018812,0.0018812
8,3250.36,0.56985,0.6895,0.00323,0.99934,1,0.995,0.93696,0.42334,0.66353,0.00346,0.0018614,0.0018614,0.0018614
9,3656.42,0.56527,0.61262,0.00332,0.99937,1,0.995,0.94895,0.37339,0.59732,0.00314,0.0018416,0.0018416,0.0018416
10,4064.72,0.5501,0.50701,0.00318,0.9994,1,0.995,0.92111,0.46029,0.4991,0.00407,0.0018218,0.0018218,0.0018218
11,4474.46,0.5246,0.45531,0.00317,0.99938,1,0.995,0.93917,0.48922,0.43638,0.00401,0.001802,0.001802,0.001802
12,4881.36,0.5554,0.43829,0.00322,0.99937,1,0.995,0.94777,0.52621,0.38437,0.00455,0.0017822,0.0017822,0.0017822
13,5286.93,0.53282,0.3924,0.00305,0.99939,1,0.995,0.93908,0.45959,0.42181,0.00392,0.0017624,0.0017624,0.0017624
14,5690.74,0.54576,0.39192,0.00323,0.99936,1,0.995,0.94359,0.48947,0.34034,0.00437,0.0017426,0.0017426,0.0017426
15,6095.95,0.49473,0.35717,0.0028,0.99938,1,0.995,0.92522,0.48392,0.35012,0.00423,0.0017228,0.0017228,0.0017228
16,6499.94,0.4877,0.32813,0.00281,0.99941,1,0.995,0.95719,0.44019,0.27671,0.0036,0.001703,0.001703,0.001703
17,6904.33,0.5121,0.31245,0.00308,0.9994,1,0.995,0.95665,0.32763,0.24544,0.00285,0.0016832,0.0016832,0.0016832
18,7307.13,0.49221,0.30951,0.0028,0.99939,1,0.995,0.94857,0.3783,0.30296,0.00315,0.0016634,0.0016634,0.0016634
19,7713.44,0.52764,0.29284,0.003,0.99938,1,0.995,0.92336,0.32857,0.26037,0.0027,0.0016436,0.0016436,0.0016436
20,8119.25,0.48268,0.30704,0.00277,0.9994,1,0.995,0.95095,0.37233,0.34009,0.00306,0.0016238,0.0016238,0.0016238
21,8527.09,0.4674,0.29272,0.00265,0.99937,1,0.995,0.93443,0.36339,0.21536,0.00335,0.001604,0.001604,0.001604
22,8932.19,0.48798,0.27825,0.0028,0.99938,1,0.995,0.92472,0.41015,0.19129,0.00366,0.0015842,0.0015842,0.0015842
23,9335.82,0.49953,0.26963,0.00272,0.99941,1,0.995,0.93471,0.30642,0.19521,0.00255,0.0015644,0.0015644,0.0015644
24,9741.8,0.4461,0.24221,0.00256,0.99939,1,0.995,0.90807,0.4098,0.18895,0.00369,0.0015446,0.0015446,0.0015446
25,10146,0.47935,0.25989,0.0027,0.9994,1,0.995,0.97336,0.31158,0.18969,0.00265,0.0015248,0.0015248,0.0015248
26,10549.2,0.49087,0.24724,0.00278,0.99939,1,0.995,0.95451,0.37271,0.21838,0.00343,0.001505,0.001505,0.001505
27,10954.9,0.44501,0.22848,0.00252,1,1,0.995,0.95482,0.33176,0.20465,0.00279,0.0014852,0.0014852,0.0014852
28,11358.2,0.43748,0.23538,0.00251,0.9994,1,0.995,0.97187,0.43509,0.23834,0.00353,0.0014654,0.0014654,0.0014654
29,11764,0.45488,0.22399,0.00256,0.99939,1,0.995,0.95907,0.30345,0.1861,0.00265,0.0014456,0.0014456,0.0014456
30,12168.3,0.41045,0.21902,0.00235,1,1,0.995,0.9706,0.31195,0.18629,0.00261,0.0014258,0.0014258,0.0014258
31,12573.9,0.44809,0.22885,0.00251,0.99939,1,0.995,0.94573,0.36343,0.1869,0.00293,0.001406,0.001406,0.001406
32,12976,0.41749,0.22359,0.00237,0.99936,1,0.995,0.95617,0.32762,0.17586,0.00293,0.0013862,0.0013862,0.0013862
33,13381.8,0.43215,0.21497,0.00242,1,1,0.995,0.95265,0.31728,0.165,0.00295,0.0013664,0.0013664,0.0013664
34,13784.1,0.43799,0.21648,0.00256,0.99938,1,0.995,0.96573,0.37152,0.17777,0.00308,0.0013466,0.0013466,0.0013466
35,14188.7,0.429,0.2226,0.00246,0.99941,1,0.995,0.97397,0.35273,0.22241,0.00284,0.0013268,0.0013268,0.0013268
36,14595.5,0.41943,0.22201,0.00242,0.99939,1,0.995,0.95243,0.3527,0.21313,0.00288,0.001307,0.001307,0.001307
37,15000.8,0.45617,0.21755,0.00271,0.99941,1,0.995,0.95019,0.33012,0.17147,0.00294,0.0012872,0.0012872,0.0012872
38,15406.5,0.41118,0.20591,0.00232,0.99938,1,0.995,0.97144,0.31029,0.14631,0.0026,0.0012674,0.0012674,0.0012674
39,15811.7,0.47595,0.22355,0.00263,0.99935,1,0.995,0.95592,0.49616,0.20208,0.00425,0.0012476,0.0012476,0.0012476
40,16217.4,0.42105,0.21166,0.00233,0.99941,1,0.995,0.97741,0.30833,0.16899,0.00254,0.0012278,0.0012278,0.0012278
41,16622.9,0.4081,0.1857,0.00233,0.9994,1,0.995,0.96573,0.37561,0.15472,0.00328,0.001208,0.001208,0.001208
42,17026.8,0.42365,0.20455,0.00239,0.99938,1,0.995,0.96031,0.32465,0.13056,0.00283,0.0011882,0.0011882,0.0011882
43,17435.4,0.40515,0.19042,0.00227,0.99939,1,0.995,0.964,0.32543,0.16101,0.00289,0.0011684,0.0011684,0.0011684
44,17842.6,0.37083,0.18044,0.0021,0.9994,1,0.995,0.95127,0.39411,0.15304,0.0035,0.0011486,0.0011486,0.0011486
45,18250,0.40004,0.18993,0.00226,0.9994,1,0.995,0.9473,0.35806,0.16191,0.00335,0.0011288,0.0011288,0.0011288
46,18655.2,0.39724,0.17847,0.00229,0.99941,1,0.995,0.96233,0.37851,0.1665,0.00316,0.001109,0.001109,0.001109
47,19063.9,0.37383,0.17765,0.00223,0.9994,1,0.995,0.97009,0.25979,0.13261,0.00223,0.0010892,0.0010892,0.0010892
48,19468.1,0.39634,0.18892,0.00218,0.99939,1,0.995,0.95417,0.37812,0.15644,0.00348,0.0010694,0.0010694,0.0010694
49,19872.4,0.39819,0.19217,0.00222,0.99939,1,0.995,0.97934,0.30613,0.13804,0.0025,0.0010496,0.0010496,0.0010496
50,20275.4,0.39276,0.17812,0.00221,0.9994,1,0.995,0.96469,0.38076,0.15444,0.00331,0.0010298,0.0010298,0.0010298
51,20679.8,0.37502,0.17637,0.00222,0.9994,1,0.995,0.96257,0.34122,0.14504,0.00281,0.00101,0.00101,0.00101
52,21083.8,0.39782,0.18103,0.00215,0.99941,1,0.995,0.97607,0.23408,0.11398,0.00198,0.0009902,0.0009902,0.0009902
53,21437.9,0.37592,0.17762,0.00205,1,1,0.995,0.97597,0.2344,0.09978,0.00199,0.0009704,0.0009704,0.0009704
54,21762.3,0.36102,0.16964,0.00204,0.99939,1,0.995,0.9435,0.34808,0.13561,0.00334,0.0009506,0.0009506,0.0009506
55,22087.1,0.37079,0.15936,0.00209,0.99939,1,0.995,0.97656,0.26018,0.11931,0.00211,0.0009308,0.0009308,0.0009308
56,22412.4,0.36637,0.16107,0.00199,0.99941,1,0.995,0.97428,0.23844,0.11928,0.00197,0.000911,0.000911,0.000911
57,22736.4,0.36296,0.15691,0.00204,0.9994,1,0.995,0.96374,0.27957,0.13229,0.00242,0.0008912,0.0008912,0.0008912
58,23061.4,0.36165,0.159,0.00205,0.99941,1,0.995,0.97253,0.30615,0.13416,0.00272,0.0008714,0.0008714,0.0008714
59,23385.8,0.34758,0.14467,0.00193,1,1,0.995,0.97434,0.26089,0.13201,0.00226,0.0008516,0.0008516,0.0008516
60,23710.3,0.36277,0.16249,0.00198,0.99939,1,0.995,0.96537,0.33927,0.12269,0.00298,0.0008318,0.0008318,0.0008318
61,24029.7,0.36176,0.15883,0.002,0.9994,1,0.995,0.95873,0.35828,0.12696,0.00323,0.000812,0.000812,0.000812
62,24351.6,0.33769,0.15224,0.00189,1,1,0.995,0.957,0.35803,0.13602,0.00313,0.0007922,0.0007922,0.0007922
63,24675.8,0.34885,0.16015,0.00191,1,1,0.995,0.9722,0.31876,0.18621,0.0028,0.0007724,0.0007724,0.0007724
64,25000.6,0.34688,0.17442,0.00194,0.9994,1,0.995,0.97143,0.29237,0.10946,0.00259,0.0007526,0.0007526,0.0007526
65,25322.7,0.33549,0.15086,0.00191,1,1,0.995,0.96945,0.3023,0.1361,0.00267,0.0007328,0.0007328,0.0007328
66,25647.6,0.3517,0.16396,0.00194,1,1,0.995,0.97267,0.29034,0.1161,0.00245,0.000713,0.000713,0.000713
67,25973.4,0.34278,0.15215,0.00197,0.9994,1,0.995,0.95689,0.35219,0.11662,0.00321,0.0006932,0.0006932,0.0006932
68,26310.2,0.33918,0.15299,0.00188,0.99941,1,0.995,0.9569,0.30386,0.10574,0.00283,0.0006734,0.0006734,0.0006734
69,26653.2,0.33957,0.15117,0.00197,0.9994,1,0.995,0.96065,0.34783,0.12059,0.0031,0.0006536,0.0006536,0.0006536
70,26979,0.35064,0.15029,0.00195,0.9994,1,0.995,0.96839,0.27706,0.1315,0.00247,0.0006338,0.0006338,0.0006338
71,27306.3,0.31965,0.14379,0.00178,1,1,0.995,0.96995,0.29527,0.11484,0.00263,0.000614,0.000614,0.000614
72,27632.8,0.31931,0.14367,0.00182,0.99941,1,0.995,0.97449,0.26431,0.11595,0.00232,0.0005942,0.0005942,0.0005942
73,27958.3,0.3187,0.14112,0.00176,0.99941,1,0.995,0.96563,0.30882,0.13567,0.00281,0.0005744,0.0005744,0.0005744
74,28280.7,0.33225,0.14164,0.00187,0.9994,1,0.995,0.95664,0.31912,0.11987,0.00299,0.0005546,0.0005546,0.0005546
75,28604.6,0.32261,0.14478,0.00184,1,1,0.995,0.96714,0.31495,0.11691,0.00285,0.0005348,0.0005348,0.0005348
76,28926.4,0.3311,0.14327,0.00178,1,1,0.995,0.96265,0.31148,0.11523,0.00276,0.000515,0.000515,0.000515
77,29252.4,0.31891,0.13872,0.00175,1,1,0.995,0.97185,0.24691,0.10708,0.00212,0.0004952,0.0004952,0.0004952
78,29577.5,0.32044,0.14069,0.00178,1,1,0.995,0.96886,0.30799,0.11244,0.00274,0.0004754,0.0004754,0.0004754
79,29902.6,0.32499,0.14156,0.0018,0.99941,1,0.995,0.94422,0.34891,0.1314,0.00332,0.0004556,0.0004556,0.0004556
80,30227.1,0.36962,0.15311,0.002,0.9994,1,0.995,0.9655,0.27879,0.13867,0.00252,0.0004358,0.0004358,0.0004358
81,30550.3,0.31995,0.13328,0.00178,1,1,0.995,0.96044,0.2809,0.12959,0.00258,0.000416,0.000416,0.000416
82,30874.8,0.30947,0.13052,0.00171,1,1,0.995,0.95737,0.33442,0.13445,0.00304,0.0003962,0.0003962,0.0003962
83,31200.5,0.29497,0.12531,0.0016,1,1,0.995,0.96255,0.28621,0.09896,0.00266,0.0003764,0.0003764,0.0003764
84,31525.9,0.29553,0.13723,0.00165,1,1,0.995,0.95411,0.33798,0.11187,0.00312,0.0003566,0.0003566,0.0003566
85,31851.9,0.29671,0.13766,0.00167,1,1,0.995,0.96396,0.28995,0.12332,0.00266,0.0003368,0.0003368,0.0003368
86,32179.6,0.2993,0.13199,0.0016,1,1,0.995,0.96886,0.28,0.11392,0.00251,0.000317,0.000317,0.000317
87,32506.9,0.31345,0.13749,0.00178,1,1,0.995,0.96963,0.30826,0.11897,0.00274,0.0002972,0.0002972,0.0002972
88,32832.4,0.29522,0.12138,0.00166,1,1,0.995,0.96638,0.29539,0.11754,0.00267,0.0002774,0.0002774,0.0002774
89,33158.1,0.29424,0.13331,0.00164,1,1,0.995,0.96767,0.27307,0.11054,0.00248,0.0002576,0.0002576,0.0002576
90,33484.1,0.29379,0.13168,0.00165,1,1,0.995,0.96298,0.28414,0.11101,0.0026,0.0002378,0.0002378,0.0002378
91,33808.3,0.2427,0.10466,0.00168,0.99941,1,0.995,0.96324,0.281,0.10981,0.00257,0.000218,0.000218,0.000218
92,34130.7,0.23742,0.10169,0.00166,0.99941,1,0.995,0.96593,0.29432,0.09734,0.00269,0.0001982,0.0001982,0.0001982
93,34455.1,0.24036,0.11334,0.00171,0.9994,1,0.995,0.96233,0.30424,0.10414,0.00278,0.0001784,0.0001784,0.0001784
94,34776.6,0.24929,0.10839,0.0018,0.99941,1,0.995,0.96622,0.28783,0.13269,0.00261,0.0001586,0.0001586,0.0001586
95,35101.5,0.24546,0.11046,0.00173,0.9994,1,0.995,0.96542,0.29663,0.10216,0.00267,0.0001388,0.0001388,0.0001388
96,35424.6,0.23748,0.11499,0.00168,0.99941,1,0.995,0.96624,0.27449,0.10067,0.00253,0.000119,0.000119,0.000119
97,35749.4,0.23379,0.09842,0.00164,0.9994,1,0.995,0.96384,0.27198,0.09139,0.00248,9.92e-05,9.92e-05,9.92e-05
98,36070,0.22883,0.10744,0.0016,0.99941,1,0.995,0.96232,0.27444,0.10229,0.00251,7.94e-05,7.94e-05,7.94e-05
99,36393.2,0.22774,0.10397,0.00159,0.99941,1,0.995,0.9661,0.26802,0.0861,0.00245,5.96e-05,5.96e-05,5.96e-05
100,36716.9,0.22708,0.10491,0.00158,0.9994,1,0.995,0.96498,0.27312,0.09314,0.0025,3.98e-05,3.98e-05,3.98e-05
